{"cameraMode":{"drawMode":0,"name":"Shaded","section":"Shading Mode"},"sceneLighting":false,"audioPlay":false,"sceneViewState":{"showFog":true,"showMaterialUpdate":false,"showSkybox":true,"showFlares":true,"showImageEffects":true,"showParticleSystems":true},"in2DMode":false,"pivot":{"x":-6.805889129638672,"y":-2.075948715209961,"z":-8.281949996948243},"rotation":{"x":-0.08253687620162964,"y":0.9129159450531006,"z":-0.23097719252109528,"w":-0.32622358202934267},"size":39.292869567871097,"orthographic":false}