{"cameraMode":{"drawMode":0,"name":"Shaded","section":"Shading Mode"},"sceneLighting":false,"audioPlay":false,"sceneViewState":{"showFog":true,"showMaterialUpdate":false,"showSkybox":true,"showFlares":true,"showImageEffects":true,"showParticleSystems":true},"in2DMode":false,"pivot":{"x":-1.097145438194275,"y":2.545057773590088,"z":0.29511117935180666},"rotation":{"x":-0.13841255009174348,"y":0.8058683276176453,"z":-0.20775681734085084,"w":-0.5368941426277161},"size":4.657884120941162,"orthographic":false}