{"cameraMode":{"drawMode":2,"name":"Shaded Wireframe","section":"Shading Mode"},"sceneLighting":true,"audioPlay":false,"sceneViewState":{"showFog":true,"showMaterialUpdate":false,"showSkybox":true,"showFlares":true,"showImageEffects":true,"showParticleSystems":true},"in2DMode":false,"pivot":{"x":-0.2322843074798584,"y":1.6647143363952637,"z":0.7138621807098389},"rotation":{"x":-0.06192198023200035,"y":-0.9371107220649719,"z":0.21981464326381684,"w":-0.26395219564437868},"size":2.2310128211975099,"orthographic":false}