{"cameraMode":{"drawMode":0,"name":"Shaded","section":"Shading Mode"},"sceneLighting":false,"audioPlay":false,"sceneViewState":{"showFog":true,"showMaterialUpdate":false,"showSkybox":true,"showFlares":true,"showImageEffects":true,"showParticleSystems":true},"in2DMode":false,"pivot":{"x":-3.4871768951416017,"y":7.931406021118164,"z":3.328838586807251},"rotation":{"x":0.027958888560533525,"y":-0.9713413715362549,"z":0.14711199700832368,"w":0.1845870316028595},"size":34.67805480957031,"orthographic":false}