{"cameraMode":{"drawMode":2,"name":"Shaded Wireframe","section":"Shading Mode"},"sceneLighting":false,"audioPlay":false,"sceneViewState":{"showFog":true,"showMaterialUpdate":false,"showSkybox":true,"showFlares":true,"showImageEffects":true,"showParticleSystems":true},"in2DMode":false,"pivot":{"x":-4.035153865814209,"y":3.090693712234497,"z":-0.014621734619140625},"rotation":{"x":0.15140876173973084,"y":0.07223676145076752,"z":-0.011086768470704556,"w":0.9857658743858337},"size":20.23712158203125,"orthographic":false}