{"cameraMode":{"drawMode":2,"name":"Shaded Wireframe","section":"Shading Mode"},"sceneLighting":true,"audioPlay":false,"sceneViewState":{"showFog":true,"showMaterialUpdate":false,"showSkybox":true,"showFlares":true,"showImageEffects":true,"showParticleSystems":true},"in2DMode":false,"pivot":{"x":140.5499725341797,"y":-24.11572265625,"z":101.0920639038086},"rotation":{"x":0.11811400204896927,"y":-0.8231375217437744,"z":0.5234394073486328,"w":0.18575511872768403},"size":155.97584533691407,"orthographic":false}