{"cameraMode":{"drawMode":2,"name":"Shaded Wireframe","section":"Shading Mode"},"sceneLighting":true,"audioPlay":false,"sceneViewState":{"showFog":true,"showMaterialUpdate":true,"showSkybox":true,"showFlares":true,"showImageEffects":true,"showParticleSystems":true},"in2DMode":false,"pivot":{"x":-3.9259719848632814,"y":6.7294416427612309,"z":0.9597604274749756},"rotation":{"x":-0.22087953984737397,"y":-0.6203715205192566,"z":0.18803739547729493,"w":-0.728692889213562},"size":18.1256160736084,"orthographic":false}