{"cameraMode":{"drawMode":2,"name":"Shaded Wireframe","section":"Shading Mode"},"sceneLighting":true,"audioPlay":false,"sceneViewState":{"showFog":true,"showMaterialUpdate":false,"showSkybox":true,"showFlares":true,"showImageEffects":true,"showParticleSystems":true},"in2DMode":false,"pivot":{"x":-6.873779773712158,"y":-2.0215516090393068,"z":11.52534008026123},"rotation":{"x":-0.3001211881637573,"y":0.27466627955436709,"z":-0.09069382399320603,"w":-0.9089886546134949},"size":38.465599060058597,"orthographic":false}