{"cameraMode":{"drawMode":2,"name":"Shaded Wireframe","section":"Shading Mode"},"sceneLighting":true,"audioPlay":false,"sceneViewState":{"showFog":true,"showMaterialUpdate":false,"showSkybox":true,"showFlares":true,"showImageEffects":true,"showParticleSystems":true},"in2DMode":false,"pivot":{"x":73.10543823242188,"y":24.639236450195314,"z":23.96041488647461},"rotation":{"x":0.2943189740180969,"y":-0.6960921287536621,"z":0.3888246417045593,"w":0.5269226431846619},"size":86.19157409667969,"orthographic":false}