{"cameraMode":{"drawMode":0,"name":"Shaded","section":"Shading Mode"},"sceneLighting":true,"audioPlay":false,"sceneViewState":{"showFog":true,"showMaterialUpdate":false,"showSkybox":true,"showFlares":true,"showImageEffects":true,"showParticleSystems":true},"in2DMode":false,"pivot":{"x":777.1397705078125,"y":342.1896057128906,"z":793.0631103515625},"rotation":{"x":0.18956083059310914,"y":0.03091922588646412,"z":-0.00597285246476531,"w":0.9813638925552368},"size":1570.6412353515625,"orthographic":false}