{"cameraMode":{"drawMode":2,"name":"Shaded Wireframe","section":"Shading Mode"},"sceneLighting":true,"audioPlay":false,"sceneViewState":{"showFog":true,"showMaterialUpdate":false,"showSkybox":true,"showFlares":true,"showImageEffects":true,"showParticleSystems":true},"in2DMode":false,"pivot":{"x":-580.3648681640625,"y":-415.3832092285156,"z":-556.1275634765625},"rotation":{"x":-0.09712889790534973,"y":0.9016017913818359,"z":-0.2718106508255005,"w":-0.32217881083488467},"size":1505.5850830078125,"orthographic":false}