{"cameraMode":{"drawMode":0,"name":"Shaded","section":"Shading Mode"},"sceneLighting":true,"audioPlay":false,"sceneViewState":{"showFog":true,"showMaterialUpdate":false,"showSkybox":true,"showFlares":true,"showImageEffects":true,"showParticleSystems":true},"in2DMode":false,"pivot":{"x":-104.277099609375,"y":-194.428466796875,"z":215.78622436523438},"rotation":{"x":0.32268446683883669,"y":-0.259420245885849,"z":0.09244100004434586,"w":0.9055554270744324},"size":484.49951171875,"orthographic":false}